pics,soccer,nba,videos,hiphopheads,fitness,running,nintendo,cscareerquestions,askreddit
2ih3fs,2ihoqe,2ii80u,2ihv4r,2igcdm,2igvcm,2igr99,2ihzeq,2ih4k5,2ii8td
2igj28,2igc9a,2ih38r,2ihmc9,2igf9u,2ii3sv,2ii0sx,2igcm1,2iirht,2ihn30
2iggsf,2ihm0j,2iiqi2,2ig9li,2iggxu,2ijovd,2ih1tz,2ijrmq,2ijtji,2ii1f3
2ihbkk,2ijb8j,2iievh,2igkn1,2ih3f3,2ii64m,2ihm2t,2igijv,2iisrc,2ihh8i
2ig72g,2ii6l9,2ih09r,2ighyf,2iirn2,2igm3t,2ij7dj,2ii8lb,2iidc0,2ihav1
2ih3vm,2ih8e9,2ih3hz,2igun2,2iguq7,2iircb,2ig9l4,2igm3l,2iht0i,2ih9a5
2igx50,2igrko,2ig55m,2ih0v7,2iho9d,2iisd5,2ig6mu,2iir5u,2ihi5s,2ihk46
2ihwr6,2igdee,2iiqfm,2igifu,2igm6a,2iglpp,2ii66d,2igluu,2ii11m,2ihril
2igavr,2iid70,2igsf9,2ijdip,2ig8ya,2ihx9h,2ihsfb,2ih61j,2ihjqg,2ighm1
2igv99,2ignsb,2iiibe,2ig6iv,2ihvtc,2ih69o,2igz0c,2iiiqv,2ihh76,2ii5qb
